{
  "v": "5.7.1",
  "fr": 29.9700012207031,
  "ip": 0,
  "op": 90.0000036657751,
  "w": 400,
  "h": 400,
  "nm": "Spartan-loader",
  "ddd": 1,
  "assets": [
    {
      "id": "comp_0",
      "layers": [
        {
          "ddd": 0,
          "ind": 1,
          "ty": 4,
          "nm": "SP logo Outlines",
          "sr": 1,
          "ks": {
            "o": {
              "a": 0,
              "k": 100,
              "ix": 11
            },
            "r": {
              "a": 0,
              "k": 0,
              "ix": 10
            },
            "p": {
              "a": 0,
              "k": [
                200,
                200,
                0
              ],
              "ix": 2
            },
            "a": {
              "a": 0,
              "k": [
                200,
                200,
                0
              ],
              "ix": 1
            },
            "s": {
              "a": 0,
              "k": [
                40,
                40,
                40
              ],
              "ix": 6
            }
          },
          "ao": 0,
          "shapes": [
            {
              "ty": "gr",
              "it": [
                {
                  "ind": 0,
                  "ty": "sh",
                  "ix": 1,
                  "ks": {
                    "a": 0,
                    "k": {
                      "i": [
                        [
                          0.679,
                          -58.315
                        ],
                        [
                          -60.066,
                          -0.049
                        ],
                        [
                          1.24,
                          55.179
                        ],
                        [
                          58.023,
                          0.045
                        ],
                        [
                          0.028,
                          0
                        ]
                      ],
                      "o": [
                        [
                          -0.644,
                          55.29
                        ],
                        [
                          60.166,
                          0.048
                        ],
                        [
                          -0.002,
                          -58.163
                        ],
                        [
                          -0.029,
                          0
                        ],
                        [
                          -58.543,
                          0.002
                        ]
                      ],
                      "v": [
                        [
                          -105.283,
                          -0.312
                        ],
                        [
                          -0.318,
                          104.976
                        ],
                        [
                          104.687,
                          -0.124
                        ],
                        [
                          0.115,
                          -105.024
                        ],
                        [
                          0.033,
                          -105.024
                        ]
                      ],
                      "c": true
                    },
                    "ix": 2
                  },
                  "nm": "Path 1",
                  "mn": "ADBE Vector Shape - Group",
                  "hd": false
                },
                {
                  "ind": 1,
                  "ty": "sh",
                  "ix": 2,
                  "ks": {
                    "a": 0,
                    "k": {
                      "i": [
                        [
                          0.719,
                          1.593
                        ],
                        [
                          7.325,
                          16.938
                        ],
                        [
                          0.024,
                          3.236
                        ],
                        [
                          0.134,
                          20.311
                        ],
                        [
                          -5.568,
                          11.164
                        ],
                        [
                          -11.679,
                          1.528
                        ],
                        [
                          -8.884,
                          -12.286
                        ],
                        [
                          -2.669,
                          -8.224
                        ],
                        [
                          -0.041,
                          -4.922
                        ],
                        [
                          0.231,
                          -20.64
                        ],
                        [
                          1.607,
                          -3.834
                        ],
                        [
                          5.498,
                          -12.168
                        ],
                        [
                          1.245,
                          -2.509
                        ],
                        [
                          2.33,
                          -2.642
                        ],
                        [
                          8.007,
                          31.671
                        ],
                        [
                          -4.854,
                          1.802
                        ],
                        [
                          0.812,
                          10.593
                        ],
                        [
                          1.578,
                          -0.658
                        ],
                        [
                          5.876,
                          -2.074
                        ],
                        [
                          -0.442,
                          -4.485
                        ],
                        [
                          -0.516,
                          -5.25
                        ],
                        [
                          0.62,
                          -2.103
                        ],
                        [
                          3.171,
                          0.681
                        ],
                        [
                          -0.364,
                          4.806
                        ],
                        [
                          -0.757,
                          5.226
                        ],
                        [
                          7.189,
                          2.446
                        ],
                        [
                          5.272,
                          2.286
                        ],
                        [
                          1.723,
                          0.834
                        ],
                        [
                          -7.81,
                          -3.038
                        ],
                        [
                          -4.333,
                          -1.999
                        ],
                        [
                          -1.373,
                          -1.197
                        ],
                        [
                          -0.756,
                          -31.266
                        ],
                        [
                          0.549,
                          -0.117
                        ]
                      ],
                      "o": [
                        [
                          -7.587,
                          -16.821
                        ],
                        [
                          -1.261,
                          -2.917
                        ],
                        [
                          -0.146,
                          -20.311
                        ],
                        [
                          -0.086,
                          -12.88
                        ],
                        [
                          5.302,
                          -10.629
                        ],
                        [
                          14.635,
                          -1.913
                        ],
                        [
                          4.937,
                          6.826
                        ],
                        [
                          1.493,
                          4.6
                        ],
                        [
                          0.166,
                          20.642
                        ],
                        [
                          -0.048,
                          4.194
                        ],
                        [
                          -5.158,
                          12.311
                        ],
                        [
                          -1.155,
                          2.553
                        ],
                        [
                          -1.43,
                          2.881
                        ],
                        [
                          -0.462,
                          -31.496
                        ],
                        [
                          5.37,
                          -2.427
                        ],
                        [
                          8.976,
                          -3.335
                        ],
                        [
                          -1.767,
                          0.791
                        ],
                        [
                          -5.758,
                          2.402
                        ],
                        [
                          -4.161,
                          1.469
                        ],
                        [
                          0.517,
                          5.249
                        ],
                        [
                          0.221,
                          2.256
                        ],
                        [
                          -1.54,
                          5.215
                        ],
                        [
                          -3.653,
                          -0.784
                        ],
                        [
                          0.397,
                          -5.257
                        ],
                        [
                          1.115,
                          -7.68
                        ],
                        [
                          -5.424,
                          -1.845
                        ],
                        [
                          -1.596,
                          -0.693
                        ],
                        [
                          -1.404,
                          9.385
                        ],
                        [
                          4.445,
                          1.729
                        ],
                        [
                          0.846,
                          0.39
                        ],
                        [
                          -7.967,
                          30.461
                        ],
                        [
                          -0.549,
                          0.116
                        ],
                        [
                          -0.96,
                          -1.484
                        ]
                      ],
                      "v": [
                        [
                          -18.492,
                          83.923
                        ],
                        [
                          -41.027,
                          33.355
                        ],
                        [
                          -42.665,
                          23.703
                        ],
                        [
                          -42.786,
                          -37.23
                        ],
                        [
                          -33.773,
                          -73.443
                        ],
                        [
                          -6.465,
                          -90.903
                        ],
                        [
                          30.622,
                          -77.169
                        ],
                        [
                          40.62,
                          -53.266
                        ],
                        [
                          42.272,
                          -38.566
                        ],
                        [
                          42.235,
                          23.358
                        ],
                        [
                          39.891,
                          35.859
                        ],
                        [
                          23.503,
                          72.406
                        ],
                        [
                          20.102,
                          80.096
                        ],
                        [
                          14.72,
                          88.402
                        ],
                        [
                          9.287,
                          -6.206
                        ],
                        [
                          24.141,
                          -12.848
                        ],
                        [
                          34.998,
                          -30.767
                        ],
                        [
                          30.108,
                          -28.586
                        ],
                        [
                          12.786,
                          -21.497
                        ],
                        [
                          6.707,
                          -13.178
                        ],
                        [
                          8.566,
                          2.538
                        ],
                        [
                          8.447,
                          9.348
                        ],
                        [
                          -1.146,
                          17.973
                        ],
                        [
                          -8.973,
                          5.811
                        ],
                        [
                          -6.844,
                          -9.885
                        ],
                        [
                          -14.324,
                          -21.872
                        ],
                        [
                          -30.199,
                          -28.577
                        ],
                        [
                          -35.061,
                          -30.919
                        ],
                        [
                          -25.637,
                          -13.256
                        ],
                        [
                          -12.534,
                          -7.489
                        ],
                        [
                          -9.68,
                          -5.051
                        ],
                        [
                          -13.997,
                          88.04
                        ],
                        [
                          -15.644,
                          88.389
                        ]
                      ],
                      "c": true
                    },
                    "ix": 2
                  },
                  "nm": "Path 2",
                  "mn": "ADBE Vector Shape - Group",
                  "hd": false
                },
                {
                  "ty": "mm",
                  "mm": 1,
                  "nm": "Merge Paths 1",
                  "mn": "ADBE Vector Filter - Merge",
                  "hd": false
                },
                {
                  "ty": "fl",
                  "c": {
                    "a": 0,
                    "k": [
                      1,
                      0,
                      0,
                      1
                    ],
                    "ix": 4
                  },
                  "o": {
                    "a": 0,
                    "k": 100,
                    "ix": 5
                  },
                  "r": 1,
                  "bm": 0,
                  "nm": "Fill 1",
                  "mn": "ADBE Vector Graphic - Fill",
                  "hd": false
                },
                {
                  "ty": "tr",
                  "p": {
                    "a": 0,
                    "k": [
                      199.945,
                      200.307
                    ],
                    "ix": 2
                  },
                  "a": {
                    "a": 0,
                    "k": [
                      0,
                      0
                    ],
                    "ix": 1
                  },
                  "s": {
                    "a": 0,
                    "k": [
                      100,
                      100
                    ],
                    "ix": 3
                  },
                  "r": {
                    "a": 0,
                    "k": 0,
                    "ix": 6
                  },
                  "o": {
                    "a": 0,
                    "k": 100,
                    "ix": 7
                  },
                  "sk": {
                    "a": 0,
                    "k": 0,
                    "ix": 4
                  },
                  "sa": {
                    "a": 0,
                    "k": 0,
                    "ix": 5
                  },
                  "nm": "Transform"
                }
              ],
              "nm": "Group 1",
              "np": 4,
              "cix": 2,
              "bm": 0,
              "ix": 1,
              "mn": "ADBE Vector Group",
              "hd": false
            }
          ],
          "ip": 0,
          "op": 900.000036657751,
          "st": 0,
          "bm": 0
        }
      ]
    }
  ],
  "layers": [
    {
      "ddd": 1,
      "ind": 1,
      "ty": 0,
      "nm": "SP-logo-ae",
      "refId": "comp_0",
      "sr": 1,
      "ks": {
        "o": {
          "a": 0,
          "k": 100,
          "ix": 11
        },
        "rx": {
          "a": 0,
          "k": 0,
          "ix": 8
        },
        "ry": {
          "a": 1,
          "k": [
            {
              "i": {
                "x": [
                  0.667
                ],
                "y": [
                  1
                ]
              },
              "o": {
                "x": [
                  0.333
                ],
                "y": [
                  0
                ]
              },
              "t": 0,
              "s": [
                0
              ]
            },
            {
              "i": {
                "x": [
                  0.833
                ],
                "y": [
                  0.833
                ]
              },
              "o": {
                "x": [
                  0.333
                ],
                "y": [
                  0
                ]
              },
              "t": 90,
              "s": [
                360
              ]
            },
            {
              "t": 899.000036617021,
              "s": [
                1800
              ]
            }
          ],
          "ix": 9
        },
        "rz": {
          "a": 0,
          "k": 0,
          "ix": 10
        },
        "or": {
          "a": 0,
          "k": [
            0,
            0,
            0
          ],
          "ix": 7
        },
        "p": {
          "a": 0,
          "k": [
            200,
            200,
            0
          ],
          "ix": 2
        },
        "a": {
          "a": 0,
          "k": [
            200,
            200,
            0
          ],
          "ix": 1
        },
        "s": {
          "a": 0,
          "k": [
            100,
            100,
            100
          ],
          "ix": 6
        }
      },
      "ao": 0,
      "w": 400,
      "h": 400,
      "ip": 0,
      "op": 900.000036657751,
      "st": 0,
      "bm": 0
    },
    {
      "ddd": 0,
      "ind": 2,
      "ty": 4,
      "nm": "Details bg",
      "sr": 1,
      "ks": {
        "o": {
          "a": 0,
          "k": 100,
          "ix": 11
        },
        "r": {
          "a": 0,
          "k": 0,
          "ix": 10
        },
        "p": {
          "a": 0,
          "k": [
            620,
            -1276,
            0
          ],
          "ix": 2
        },
        "a": {
          "a": 0,
          "k": [
            0,
            0,
            0
          ],
          "ix": 1
        },
        "s": {
          "a": 0,
          "k": [
            100,
            100,
            100
          ],
          "ix": 6
        }
      },
      "ao": 0,
      "shapes": [
        {
          "ty": "gr",
          "it": [
            {
              "ty": "rc",
              "d": 1,
              "s": {
                "a": 0,
                "k": [
                  2453.065,
                  852.992
                ],
                "ix": 2
              },
              "p": {
                "a": 0,
                "k": [
                  0,
                  0
                ],
                "ix": 3
              },
              "r": {
                "a": 0,
                "k": 0,
                "ix": 4
              },
              "nm": "Rectangle Path 1",
              "mn": "ADBE Vector Shape - Rect",
              "hd": false
            },
            {
              "ty": "fl",
              "c": {
                "a": 0,
                "k": [
                  0.086273193359,
                  0.086273193359,
                  0.117645263672,
                  1
                ],
                "ix": 4
              },
              "o": {
                "a": 0,
                "k": 100,
                "ix": 5
              },
              "r": 1,
              "bm": 0,
              "nm": "Fill 1",
              "mn": "ADBE Vector Graphic - Fill",
              "hd": false
            },
            {
              "ty": "tr",
              "p": {
                "a": 0,
                "k": [
                  -206.797,
                  1525.92
                ],
                "ix": 2
              },
              "a": {
                "a": 0,
                "k": [
                  0,
                  0
                ],
                "ix": 1
              },
              "s": {
                "a": 0,
                "k": [
                  100,
                  100
                ],
                "ix": 3
              },
              "r": {
                "a": 0,
                "k": 0,
                "ix": 6
              },
              "o": {
                "a": 0,
                "k": 100,
                "ix": 7
              },
              "sk": {
                "a": 0,
                "k": 0,
                "ix": 4
              },
              "sa": {
                "a": 0,
                "k": 0,
                "ix": 5
              },
              "nm": "Transform"
            }
          ],
          "nm": "Rectangle 1",
          "np": 3,
          "cix": 2,
          "bm": 0,
          "ix": 1,
          "mn": "ADBE Vector Group",
          "hd": false
        }
      ],
      "ip": 900.000036657751,
      "op": 900.000036657751,
      "st": 0,
      "bm": 0,
      "hidden": 0
    }
  ],
  "markers": []
}
